44 Binney Street,Boston,NULL,21
7 Cambridge Center,Cambridge,NULL,21
75 Francis Street,Boston,NULL,21
21-27 Burlington Ave.,Boston,NULL,21
55 Fruit Street,Boston,NULL,21
243 Charles St,Boston,NULL,21
1 Blackfan Circle,Boston,NULL,21
20 Shattuck St,Boston,NULL,21
600 Beaver St,Waltham ,NULL,21
221 Longwood Ave,Boston,NULL,21
11-934 Factor Bldg,Los Angeles,NULL,5
3 Blackfan Circle,Boston,NULL,21
250 Mass Ave,Cambridge,NULL,21
50 Blossom Street,Boston,NULL,21
Ireland Cancer Center / University Hospitals 2103 Cornell Road ,Cleveland,NULL,35
78 Memorial Dr.,Cambridge,NULL,21
375 Longwood,Boston,NULL,21
St Andrews Place,Melbourne,Victoria, Australia, 3002,NULL
15 Parkman Street, Wang 460,Boston,NULL,21
Irwondong 50, Kangnamgu,Seoul,Korea,NULL
Box 91006, B232 LSRC,Durham,NULL,33
149 13th Street,Charlestown,NULL,21
65 Landsdowne Street,Cambridge,NULL,21
550 First Avenue,New York,NULL,32
61 Binney Street,Boston,NULL,21
88, Stuart Street, Queen's University,Kingston,Ontario, Canada,NULL
50 Irwon-dong Gangnam-gu,Seoul,Korea,NULL
650 Charles E Young Dr. South,Los Angeles,NULL,5
780 Memorial Drive,Cambridge,NULL,21
70 Francis Street,Boston,NULL,21
301 Binney Street,Cambridge,NULL,21
270 Albany Street,Cambridge,NULL,21
450 Brookline Avenue,Boston,NULL,21
123-34, GIL,SEOUL,Korea,NULL
101 Science Drive,Durham,NULL,33
1 joslin Place,Boston,NULL,21
27 Drydock Avenue,Boston,NULL,21
77 Avenue Louis Pasteur,Boston,NULL,21
330 Brookline Ave,Boston,NULL,21
99 Brookline Avenue,Boston,NULL,21
450 Brookline Ave,Boston,NULL,21
4 Blackfan street,Boston,NULL,21
Dana 15, 450 Brookline Avenue,Boston,NULL,21
450 Brookline Ave, JF208B,Boston,NULL,21
5 Blackfan Circle,Boston,NULL,21
221 Longwood Avenue,Boston,NULL,21
nowhere,boston,NULL,21
94 heritage dr,lowell,NULL,21
450 Brookline Ave.,Boston,NULL,21
555 University Avenue,Toronto,Ontario, Canada,NULL
450 Brookline Ave. SM1010,Boston,NULL,21
Dana Farber,Boston,NULL,21
450 Brookline Av,Boston,NULL,21
Turnhoutseweg 30,Beerse,Belgium,NULL
300 Longwood Avenue,Boston,NULL,21
250 Longwood Avenue,Boston,NULL,21
251 Sir Frederick Banting Driveway,Ottawa,Ontario,NULL
450 Brookline Avenue, Dana 1514,Boston,NULL,21
1450 Brookline  Avenue,Boston,NULL,21
44 Binney St,Boston,NULL,21
Dana-Farber Cancer Institute, 44 Binney St.,Boston,NULL,21
77 Ave Louis Pasteur,Boston,NULL,21
440 Brookline Ave.,Boston,NULL,21
450 Brookline Ave M534,Boston,NULL,21
301 Binney Street,Boston,NULL,21
5323 Harry Hines Blvd.,Dallas,NULL,43
Karp 7, One Blackfan Circle,Boston,NULL,21
Marchioninistr. 25,Munich,Germany,NULL
1470 Madison Avenue,New York,NULL,32
Henricistrasse 92,Essen,Germany,NULL
1 Jimmy Fund Way, Sm-1022,Boston,NULL,21
1 Jimmy Fund Way,Boston,NULL,21
Muellner HauptstraÃŸe 48,Salzburg,Salzburg Austria,NULL
4 Blackfan St,Boston,NULL,21
tbd,tbd,tbd,NULL
3755 Cote Sainte-Catherine Road,Montreal,Canada,NULL
75 Francis St, Dept of Pathology, Amory 3,Boston,NULL,21
1 Blackfan Cir,Boston,NULL,21
